{
    "grpc_port": 5000,
    "http_port": 5001,
    "server_domain": "54.235.68.160",
    "server_name": "Production Server",
    "db": {
        "host": "54.235.68.160",
        "port": "5432",
        "name": "prod-clk328",
        "username": "admin",
        "password": "clk328@2021"
    },
    "keycloak_account": {
        "server_url": "https://stg.clearkeep.io:1443/auth/",
        "client_id": "account",
        "realm_name": "master",
        "client_secret_key": "c9b6b681-46a6-4a08-8ed4-39d5a478b6b9"
    },
    "keycloak_admin": {
        "server_url": "https://stg.clearkeep.io:1443/auth/",
        "client_id": "admin-cli",
        "username": "admin",
        "password": "clk328@2021",
        "realm_name": "master",
        "client_secret_key": "35fa3b0e-cf1f-4bf5-a431-e1abcbbfddba"
    },
    "storage_s3": {
        "url": "https://s3.amazonaws.com/",
        "bucket": "storage.clearkeep.io",
        "folder":"prod/uploaded",
        "avatar_folder":"prod/avatar",
        "access_key_id": "AKIA2HLQYEZHB5SG7AQS",
        "access_key_secret": "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"
    },
    "google_app_id": {
        "ios": "1092685949059-gfkapttahq1tuagf85lk3osr3d5i0bsg.apps.googleusercontent.com",
        "android": "1092685949059-31fdlstnskjc799is97moat5bagskrsr.apps.googleusercontent.com"
    },
    "facebook_app": {
        "app_id": "2535496880092217",
        "app_secret": "8936ece18dd4ff0c92b6b562c850036e"
    },
    "default_workspace": {
        "workspace_domain": "54.235.68.160:5000"
    },
    "fd_server": [
        {
            "domain": "localhost",
            "ip_address": "0.0.0.0"
        },
        {
            "domain": "localhost",
            "ip_address": "0.0.0.0"
        }
    ],
    "janus_webrtc": {
    "admin_url": "http://54.235.68.160:7088/admin",
    "client_url" : "http://54.235.68.160:8088/janus",
    "client_ws_url" : "ws://54.235.68.160:8188/janus",
    "admin_secret": "janusoverlord"
    },
    "fcm_server_token": "abc",
    "page_limit": 10,
    "device_ios": {
        "team_id": "H4C7478UQW",
        "auth_key_id": "LRKZJ6859V",
        "bundle_id": "com.telred.clearkeep3.ios.dev",
        "certificates_voip": "configs/apns/ios_apns_production.pem",
        "certificates_apns": "configs/apns/Certificates_apns.p8",
        "use_sandbox": false
    },
    "device_android": {
        "fire_base_config": "configs/ck-3-test-firebase-adminsdk-gszn7-fc1b46d732.json"
    },
    "stun_turn_credential": {
        "twilio_account_sid": "ACf5be2a1c8cf572858dcd7196b336126f",
        "twilio_auth_token": "7e6c7f0730521a60a1f5f6a4338a9b54",
        "update_job": "30 03 * * *"
    },
    "otp_server":{
      "twilio_account_sid": "AC282f3cc1b6a21094bf363790734daff1",
      "twilio_auth_token": "b8d79331ad32a329bc83824482a918a8",
      "otp_life_time": 120,
      "otp_code_length": 4,
      "otp_server_phone_number": "+15394242840",
      "otp_secret_key": "clk328@2021",
      "input_otp_per_validate": 5,
      "request_otp_server_per_day": 5
    },
    "maximum_offline_time_limit" : 120
}
